Project	Disease Type	Primary Site	# SSM Affected Cases	# CNV Gains	# CNV Losses	# Mutations
TCGA-GBM	Gliomas,Not Reported	Brain	82 / 374 (21.93 %)	381 / 589 (64.69 %)	7 / 589 (1.19 %)	51
TCGA-LUAD	Acinar Cell Neoplasms,Adenomas and Adenocarcinomas,Cystic, Mucinous and Serous Neoplasms	Bronchus and lung	78 / 559 (13.95 %)	254 / 518 (49.03 %)	34 / 518 (6.56 %)	44
TCGA-SKCM	Nevi and Melanomas	Skin	51 / 470 (10.85 %)	215 / 470 (45.74 %)	20 / 470 (4.26 %)	69
CPTAC-3	Adenomas and Adenocarcinomas,Complex Epithelial Neoplasms,Complex Mixed and Stromal Neoplasms,Ductal and Lobular Neoplasms,Epithelial Neoplasms, NOS,Gliomas,Lipomatous Neoplasms,Nevi and Melanomas,Not Applicable,Squamous Cell Neoplasms,Transitional Cell Papillomas and Carcinomas	Brain,Breast,Bronchus and lung,Colon,Kidney,Other and ill-defined sites,Other and unspecified urinary organs,Pancreas,Unknown,Uterus, NOS	142 / 1317 (10.78 %)	417 / 1290 (32.33 %)	19 / 1290 (1.47 %)	89
EXCEPTIONAL_RESPONDERS-ER	Adenomas and Adenocarcinomas,Complex Mixed and Stromal Neoplasms,Ductal and Lobular Neoplasms,Epithelial Neoplasms, NOS,Gliomas,Myomatous Neoplasms,Neoplasms, NOS,Nevi and Melanomas,Squamous Cell Neoplasms	Anus and anal canal,Bladder,Brain,Breast,Bronchus and lung,Colon,Connective, subcutaneous and other soft tissues,Esophagus,Kidney,Other and ill-defined digestive organs,Other and ill-defined sites,Other and unspecified female genital organs,Other and unspecified parts of biliary tract,Ovary,Pancreas,Rectum,Skin,Stomach,Unknown,Uterus, NOS	2 / 19 (10.53 %)	0 / 0 (0.00 %)	0 / 0 (0.00 %)	3
CMI-ASC	Soft Tissue Tumors and Sarcomas, NOS	Bladder,Breast,Bronchus and lung,Heart, mediastinum, and pleura,Lymph nodes,Other and ill-defined digestive organs,Other and ill-defined sites,Other and ill-defined sites within respiratory system and intrathoracic organs,Skin	3 / 36 (8.33 %)	0 / 0 (0.00 %)	0 / 0 (0.00 %)	3
TCGA-UCEC	Adenomas and Adenocarcinomas,Cystic, Mucinous and Serous Neoplasms,Epithelial Neoplasms, NOS,Not Reported	Corpus uteri,Uterus, NOS	41 / 512 (8.01 %)	66 / 544 (12.13 %)	30 / 544 (5.51 %)	68
HCMI-CMDC	Acinar Cell Neoplasms,Adenomas and Adenocarcinomas,Blood Vessel Tumors,Complex Epithelial Neoplasms,Complex Mixed and Stromal Neoplasms,Cystic, Mucinous and Serous Neoplasms,Ductal and Lobular Neoplasms,Epithelial Neoplasms, NOS,Fibromatous Neoplasms,Gliomas,Miscellaneous Bone Tumors,Myomatous Neoplasms,Nevi and Melanomas,Osseous and Chondromatous Neoplasms,Soft Tissue Tumors and Sarcomas, NOS,Squamous Cell Neoplasms	Bones, joints and articular cartilage of other and unspecified sites,Brain,Breast,Bronchus and lung,Colon,Connective, subcutaneous and other soft tissues,Corpus uteri,Esophagus,Gallbladder,Kidney,Liver and intrahepatic bile ducts,Nasal cavity and middle ear,Other and ill-defined sites,Other and unspecified parts of biliary tract,Other and unspecified parts of mouth,Other and unspecified parts of tongue,Ovary,Pancreas,Rectosigmoid junction,Rectum,Skin,Small intestine,Stomach,Uterus, NOS	21 / 274 (7.66 %)	128 / 268 (47.76 %)	6 / 268 (2.24 %)	23
TCGA-LGG	Gliomas	Brain	31 / 513 (6.04 %)	96 / 515 (18.64 %)	0 / 515 (0.00 %)	22
CDDP_EAGLE-1	Adenomas and Adenocarcinomas	Bronchus and lung	3 / 50 (6.00 %)	20 / 44 (45.45 %)	1 / 44 (2.27 %)	4
TCGA-STAD	Adenomas and Adenocarcinomas,Cystic, Mucinous and Serous Neoplasms	Stomach	23 / 434 (5.30 %)	184 / 442 (41.63 %)	8 / 442 (1.81 %)	23
TCGA-DLBC	Mature B-Cell Lymphomas,Not Reported	Bones, joints and articular cartilage of other and unspecified sites,Brain,Breast,Colon,Connective, subcutaneous and other soft tissues,Heart, mediastinum, and pleura,Hematopoietic and reticuloendothelial systems,Lymph nodes,Other and unspecified major salivary glands,Retroperitoneum and peritoneum,Small intestine,Stomach,Testis,Thyroid gland	2 / 47 (4.26 %)	14 / 48 (29.17 %)	2 / 48 (4.17 %)	2
TCGA-CESC	Adenomas and Adenocarcinomas,Complex Epithelial Neoplasms,Cystic, Mucinous and Serous Neoplasms,Squamous Cell Neoplasms	Cervix uteri	12 / 287 (4.18 %)	42 / 302 (13.91 %)	11 / 302 (3.64 %)	13
TCGA-COAD	Adenomas and Adenocarcinomas,Complex Epithelial Neoplasms,Cystic, Mucinous and Serous Neoplasms,Epithelial Neoplasms, NOS	Colon,Rectosigmoid junction	16 / 428 (3.74 %)	245 / 459 (53.38 %)	1 / 459 (0.22 %)	19
TCGA-HNSC	Squamous Cell Neoplasms	Base of tongue,Bones, joints and articular cartilage of other and unspecified sites,Floor of mouth,Gum,Hypopharynx,Larynx,Lip,Oropharynx,Other and ill-defined sites in lip, oral cavity and pharynx,Other and unspecified parts of mouth,Other and unspecified parts of tongue,Palate,Tonsil	17 / 509 (3.34 %)	182 / 525 (34.67 %)	13 / 525 (2.48 %)	17
TCGA-ESCA	Adenomas and Adenocarcinomas,Cystic, Mucinous and Serous Neoplasms,Squamous Cell Neoplasms	Esophagus,Stomach	6 / 184 (3.26 %)	95 / 185 (51.35 %)	7 / 185 (3.78 %)	6
TCGA-LUSC	Squamous Cell Neoplasms	Bronchus and lung	15 / 490 (3.06 %)	199 / 504 (39.48 %)	36 / 504 (7.14 %)	15
CPTAC-2	Adenomas and Adenocarcinomas,Cystic, Mucinous and Serous Neoplasms,Ductal and Lobular Neoplasms,Not Reported,Squamous Cell Neoplasms	Breast,Colon,Other and unspecified female genital organs,Ovary,Rectum,Retroperitoneum and peritoneum	10 / 328 (3.05 %)	0 / 0 (0.00 %)	0 / 0 (0.00 %)	10
TCGA-BLCA	Adenomas and Adenocarcinomas,Epithelial Neoplasms, NOS,Squamous Cell Neoplasms,Transitional Cell Papillomas and Carcinomas	Bladder	11 / 408 (2.70 %)	160 / 411 (38.93 %)	20 / 411 (4.87 %)	11
MMRF-COMMPASS	Plasma Cell Tumors	Hematopoietic and reticuloendothelial systems	25 / 959 (2.61 %)	0 / 0 (0.00 %)	0 / 0 (0.00 %)	26
TCGA-ACC	Adenomas and Adenocarcinomas	Adrenal gland	2 / 90 (2.22 %)	45 / 91 (49.45 %)	4 / 91 (4.40 %)	2
TCGA-LIHC	Adenomas and Adenocarcinomas	Liver and intrahepatic bile ducts	8 / 369 (2.17 %)	90 / 374 (24.06 %)	10 / 374 (2.67 %)	7
TCGA-CHOL	Adenomas and Adenocarcinomas	Gallbladder,Liver and intrahepatic bile ducts,Other and unspecified parts of biliary tract	1 / 51 (1.96 %)	7 / 49 (14.29 %)	4 / 49 (8.16 %)	1
TCGA-READ	Adenomas and Adenocarcinomas,Cystic, Mucinous and Serous Neoplasms	Colon,Connective, subcutaneous and other soft tissues,Rectosigmoid junction,Rectum,Unknown	3 / 155 (1.94 %)	92 / 167 (55.09 %)	1 / 167 (0.60 %)	3
CMI-MBC	Ductal and Lobular Neoplasms	Breast	3 / 174 (1.72 %)	0 / 0 (0.00 %)	0 / 0 (0.00 %)	3
CMI-MPC	Adenomas and Adenocarcinomas	Lymph nodes,Prostate gland	1 / 60 (1.67 %)	0 / 0 (0.00 %)	0 / 0 (0.00 %)	1
TCGA-BRCA	Adenomas and Adenocarcinomas,Adnexal and Skin Appendage Neoplasms,Basal Cell Neoplasms,Complex Epithelial Neoplasms,Cystic, Mucinous and Serous Neoplasms,Ductal and Lobular Neoplasms,Epithelial Neoplasms, NOS,Fibroepithelial Neoplasms,Squamous Cell Neoplasms	Breast	15 / 969 (1.55 %)	300 / 1094 (27.42 %)	55 / 1094 (5.03 %)	14
TCGA-OV	Cystic, Mucinous and Serous Neoplasms,Not Reported	Ovary	5 / 419 (1.19 %)	186 / 578 (32.18 %)	64 / 578 (11.07 %)	5
CGCI-HTMCP-CC	Adenomas and Adenocarcinomas,Complex Epithelial Neoplasms,Epithelial Neoplasms, NOS,Squamous Cell Neoplasms	Cervix uteri	1 / 85 (1.18 %)	27 / 122 (22.13 %)	12 / 122 (9.84 %)	1
TCGA-SARC	Fibromatous Neoplasms,Lipomatous Neoplasms,Myomatous Neoplasms,Nerve Sheath Tumors,Soft Tissue Tumors and Sarcomas, NOS,Synovial-like Neoplasms	Bones, joints and articular cartilage of limbs,Colon,Connective, subcutaneous and other soft tissues,Corpus uteri,Kidney,Meninges,Other and unspecified male genital organs,Other and unspecified parts of tongue,Ovary,Peripheral nerves and autonomic nervous system,Retroperitoneum and peritoneum,Stomach,Uterus, NOS	2 / 235 (0.85 %)	59 / 257 (22.96 %)	19 / 257 (7.39 %)	2
TCGA-PRAD	Adenomas and Adenocarcinomas,Cystic, Mucinous and Serous Neoplasms,Ductal and Lobular Neoplasms	Prostate gland	4 / 496 (0.81 %)	57 / 494 (11.54 %)	7 / 494 (1.42 %)	4
TCGA-KIRC	Adenomas and Adenocarcinomas	Kidney	3 / 374 (0.80 %)	141 / 532 (26.50 %)	5 / 532 (0.94 %)	3
MP2PRT-ALL	Acute Lymphoblastic Leukemia,Lymphoid Leukemias	Hematopoietic and reticuloendothelial systems	11 / 1487 (0.74 %)	28 / 1493 (1.88 %)	54 / 1493 (3.62 %)	11
TCGA-TGCT	Germ Cell Neoplasms	Testis	1 / 141 (0.71 %)	193 / 262 (73.66 %)	5 / 262 (1.91 %)	1
BEATAML1.0-COHORT	Chronic Myeloproliferative Disorders,Leukemias, NOS,Myelodysplastic Syndromes,Myeloid Leukemias,Plasma Cell Tumors,Unknown	Hematopoietic and reticuloendothelial systems	2 / 342 (0.58 %)	0 / 0 (0.00 %)	0 / 0 (0.00 %)	2
TCGA-PCPG	Paragangliomas and Glomus Tumors	Adrenal gland,Connective, subcutaneous and other soft tissues,Heart, mediastinum, and pleura,Other and ill-defined sites,Other endocrine glands and related structures,Retroperitoneum and peritoneum,Spinal cord, cranial nerves, and other parts of central nervous system	1 / 179 (0.56 %)	21 / 178 (11.80 %)	1 / 178 (0.56 %)	1
TCGA-PAAD	Adenomas and Adenocarcinomas,Cystic, Mucinous and Serous Neoplasms,Ductal and Lobular Neoplasms,Epithelial Neoplasms, NOS	Pancreas	1 / 179 (0.56 %)	33 / 185 (17.84 %)	2 / 185 (1.08 %)	2
TARGET-NBL	Neuroepitheliomatous Neoplasms,Not Applicable	Adrenal gland,Bones, joints and articular cartilage of limbs,Bones, joints and articular cartilage of other and unspecified sites,Connective, subcutaneous and other soft tissues,Heart, mediastinum, and pleura,Hematopoietic and reticuloendothelial systems,Kidney,Liver and intrahepatic bile ducts,Lymph nodes,Meninges,Other and ill-defined sites,Other endocrine glands and related structures,Peripheral nerves and autonomic nervous system,Renal pelvis,Retroperitoneum and peritoneum,Skin,Spinal cord, cranial nerves, and other parts of central nervous system,Stomach,Unknown,Uterus, NOS	1 / 220 (0.45 %)	0 / 0 (0.00 %)	0 / 0 (0.00 %)	1
TARGET-ALL-P2	Lymphoid Leukemias	Hematopoietic and reticuloendothelial systems	3 / 717 (0.42 %)	3 / 293 (1.02 %)	5 / 293 (1.71 %)	3
TCGA-KIRP	Adenomas and Adenocarcinomas	Kidney	1 / 278 (0.36 %)	172 / 291 (59.11 %)	0 / 291 (0.00 %)	1